GenreEnum,CategoryId,CategoryName
ARCHITECTURE,32964,구조역학
ARCHITECTURE,47087,구조역학
ARCHITECTURE,105263,견적
ARCHITECTURE,105264,계약
ARCHITECTURE,105265,난방/통풍/냉난방
ARCHITECTURE,105266,목공사업
ARCHITECTURE,105268,석공사업
ARCHITECTURE,105270,지붕
ARCHITECTURE,180687,도시.교통
ARTS,121,조선문화예술사
ARTS,517,예술/대중문화
ARTS,1141,청소년 문화/예술
ARTS,2349,e비즈니스/창업
ARTS,2350,e-비즈니스/온라인 창업
ARTS,2665,드림위버
ARTS,2666,플래시
ARTS,2925,대중문화/예술
ARTS,3049,CEO/비즈니스맨을 위한 능력계발
ARTS,3069,e-비즈니스
ARTS,4301,유아 애니메이션 (영화)
ARTS,6163,일러스트레이터
ARTS,6165,포토샵
ARTS,6355,HTML/JavaScript
ARTS,6547,드라마/코미디
ARTS,8736,문학예술전문사전
ARTS,8986,문화와 예술
ARTS,14024,문화/예술/인물/역사 그림책
ARTS,15002,한국영화
ARTS,15003,일본영화
ARTS,15004,중국영화
ARTS,16215,예술
ARTS,16233,중1부터
ARTS,16234,중2부터
ARTS,16235,중3부터
ARTS,16236,고1부터
ARTS,16237,고2부터
ARTS,16248,예술
ARTS,16253,예술
ARTS,16260,예술
ASTRONOMY,8346,천문학
ASTRONOMY,28327,지구과학/천문학
ASTRONOMY,40927,천문학
ASTRONOMY,51027,천문학
ASTRONOMY,51307,쉽게 배우는 우주
ASTRONOMY,51310,우주과학
ASTRONOMY,51312,천문학/별자리/역법
ASTRONOMY,56602,천문학
ASTRONOMY,57815,실천문학
ASTRONOMY,57884,쉽게 배우는 우주
ASTRONOMY,57886,우주과학
ASTRONOMY,57888,천문학/별자리/역법
ASTRONOMY,78424,지구과학/천문학
ASTRONOMY,104437,천문학
ASTRONOMY,104666,천문학
ASTRONOMY,152795,천문학
ASTRONOMY,153032,지구과학/천문학
BIOGRAPHY,8480,마이크로프로세서
BIOGRAPHY,8481,기초실험
BIOGRAPHY,8567,반도체공학
BIOGRAPHY,44817,마이크로프로세서
BIOGRAPHY,44818,기초실험
BIOGRAPHY,44858,반도체공학
BIOGRAPHY,97794,개인 회고록
BIOGRAPHY,97795,과학/기술
BIOGRAPHY,97796,교육자
BIOGRAPHY,97797,군사
BIOGRAPHY,97798,대통령/국가원수
BIOGRAPHY,97800,문화유산
BIOGRAPHY,97801,범죄자
BIOGRAPHY,97802,법집행
BIOGRAPHY,97803,변호사/판사
BIOGRAPHY,97804,부자/유명인
BIOGRAPHY,97805,북미 원주민
BIOGRAPHY,97810,여성
BIOGRAPHY,97813,왕족
BIOGRAPHY,97815,의료
BIOGRAPHY,97816,일반
BIOGRAPHY,97817,작곡가/뮤지션
BIOGRAPHY,97818,장애인
BIOGRAPHY,97819,정치
BIOGRAPHY,97821,참고자료
BIOGRAPHY,97823,탐험가
BIOGRAPHY,97824,편집자/저널리스트/출판사
BIOGRAPHY,97825,환경/자연
BIOGRAPHY,97826,LGBT
BIOGRAPHY,104893,과학/기술
BOTANY,104662,식물학
BOTANY,105623,식물학
BOTANY,152818,식물학
BUDDHISM,5955,불교음악
BUDDHISM,51429,불교
BUDDHISM,51566,불교
BUDDHISM,51635,불교의 이해
BUDDHISM,51636,불교 일반
BUDDHISM,51637,불교 문학
BUDDHISM,51638,불교 경전/법문
BUDDHISM,51639,불교명상/수행
BUDDHISM,51641,불교예술/사찰
BUDDHISM,51642,불교 인물
BUDDHISM,51643,불교 어린이/청소년
BUDDHISM,51644,티베트 불교
BUDDHISM,51645,틱낫한
BUDDHISM,51646,달라이 라마
BUDDHISM,51647,티베트 불교 일반
BUDDHISM,51652,원불교
BUDDHISM,56654,불교
BUDDHISM,57945,불교 에세이
BUDDHISM,58033,불교의 이해
BUDDHISM,58034,불교 일반
BUDDHISM,58035,불교 문학
BUDDHISM,58036,불교 경전/법문
BUDDHISM,58037,불교명상/수행
BUDDHISM,58039,불교예술/사찰
BUDDHISM,58040,불교 인물
BUDDHISM,58041,어린이/청소년
BUDDHISM,58042,티베트 불교
BUDDHISM,58047,원불교
BUDDHISM,59550,틱낫한
BUDDHISM,59551,달라이 라마
CALLIGRAPHY,50990,서예
CALLIGRAPHY,53576,서예
CALLIGRAPHY,57635,서예
CALLIGRAPHY,58646,서예
CALLIGRAPHY,78502,서예
CALLIGRAPHY,103980,서예
CALLIGRAPHY,152961,서예
CALLIGRAPHY,153607,총론
CALLIGRAPHY,153608,서예사
CALLIGRAPHY,153609,서예감상
CALLIGRAPHY,153610,필첩
CALLIGRAPHY,153611,자체
CHEMICAL_ENGINEERING,180700,에너지.기상
CHEMICAL_ENGINEERING,180704,위험물
CHEMICAL_ENGINEERING,180949,신재생에너지발전설비
CHEMICAL_ENGINEERING,180950,에너지관리
CHEMICAL_ENGINEERING,180958,위험물기능사
CHEMICAL_ENGINEERING,180959,위험물기능장
CHEMISTRY,8338,화학
CHEMISTRY,8473,화학/금속/재료공학
CHEMISTRY,8505,고분자
CHEMISTRY,8506,신소재
CHEMISTRY,8507,섬유/텍스타일
CHEMISTRY,8508,금속재료/재료공학
CHEMISTRY,8509,기초실험
CHEMISTRY,8510,화학공학 기초
CHEMISTRY,28329,화학
CHEMISTRY,40920,화학
CHEMISTRY,40977,화학/금속/재료공학
CHEMISTRY,44842,고분자
CHEMISTRY,44843,신소재
CHEMISTRY,44844,섬유/텍스타일
CHEMISTRY,44845,금속재료/재료공학
CHEMISTRY,44846,기초실험
CHEMISTRY,44847,화학공학 기초
CHEMISTRY,46324,영어문화학과
CHEMISTRY,46325,일본엉어문화학과
CHEMISTRY,46326,중국언어문화학과
CHEMISTRY,46375,연극영화학과
CHEMISTRY,51035,화학
CHEMISTRY,51335,쉽게 배우는 화학
CHEMISTRY,51337,고분자화학
CHEMISTRY,51339,무기화학
CHEMISTRY,51340,물리화학
CHEMISTRY,51342,분석화학
CHEMISTRY,51349,생화학
CHEMISTRY,51351,유기화학
CHEMISTRY,51353,일반화학
CHRISTIANITY,5954,기독교음악
CHRISTIANITY,46145,기독교
CHRISTIANITY,51427,기독교
CHRISTIANITY,51564,기독교(개신교)
CHRISTIANITY,51571,기독교의 이해
CHRISTIANITY,51572,성경의 이해
CHRISTIANITY,51573,기독교 일반
CHRISTIANITY,51574,기독교 문학
CHRISTIANITY,51575,기독교 역사
CHRISTIANITY,51576,기독교 인물
CHRISTIANITY,51577,기독교(개신교) 교회
CHRISTIANITY,51578,기독교(개신교) 목회/신학
CHRISTIANITY,51579,기독교(개신교) 신앙생활
CHRISTIANITY,51580,기독교(개신교) 선교/전도
CHRISTIANITY,51581,기독교(개신교) 어린이/청소년
CHRISTIANITY,51582,성경/찬송가
CHRISTIANITY,51583,기독교(개신교) 오디오북
CHRISTIANITY,51584,교회일반
CHRISTIANITY,51585,교회교육
CHRISTIANITY,51586,성경공부교재
CHRISTIANITY,51588,새신자
CHRISTIANITY,51589,어린이/청소년
CHRISTIANITY,51590,청장년
CHRISTIANITY,51591,목회일반
CHRISTIANITY,51592,신학일반
CHRISTIANITY,51593,설교/성경연구
CHRISTIANITY,51594,교회개척/성장론
CHRISTIANITY,51595,상담/치유
CHRISTIANITY,51596,간증/영적성장
CHRISTIANITY,51597,예배/기도/묵상(QT)
ECONOMICS,172,재테크/투자
ECONOMICS,174,주식/펀드
ECONOMICS,175,부동산/경매
ECONOMICS,177,창업/취업/은퇴
ECONOMICS,180,창업정보
ECONOMICS,249,취업정보
ECONOMICS,263,트렌드/미래예측
ECONOMICS,274,무역
ECONOMICS,282,조직/인력/성과관리
ECONOMICS,284,생산/품질/물류관리
ECONOMICS,1146,수능시험성공수기
ECONOMICS,2169,영업/세일즈
ECONOMICS,2225,재테크/투자 일반
ECONOMICS,2330,경제학고전
ECONOMICS,2408,기획/정보/문서관리
ECONOMICS,2413,공공정책/자료
ECONOMICS,2757,디지털 문화
ECONOMICS,2943,취업/진로/유망직업
ECONOMICS,2944,국내 진학/취업
ECONOMICS,2946,해외취업/이민/유학.연수
ECONOMICS,3048,벤처/스타트업/인터넷창업
ECONOMICS,3057,경제학/경제일반
ECONOMICS,3058,한국 경제사/경제전망
ECONOMICS,3059,경제사/경제전망
ECONOMICS,3060,세계 경제사/경제전망
ECONOMICS,3062,아시아 경제사/경제전망
ECONOMICS,3065,경제이야기
ECONOMICS,3101,성공학/경력관리
ECONOMICS,3140,경제정책/비평
ECONOMICS,5419,교육/취업
EDUCATION,1108,어린이
EDUCATION,1137,청소년
EDUCATION,1142,청소년 인문/사회
EDUCATION,1147,논술참고도서
EDUCATION,1149,청소년이 쓴 책
EDUCATION,1383,수험서/자격증
EDUCATION,2012,청소년의 진로선택
EDUCATION,2030,좋은부모
EDUCATION,2574,청소년과 성(性)
EDUCATION,3560,어린이/청소년
EDUCATION,4288,초등 입학 준비
EDUCATION,4298,애니메이션/캐릭터
EDUCATION,4302,디즈니/픽사 애니메이션
EDUCATION,4303,유아 애니메이션 (TV)
EDUCATION,4621,학습법
EDUCATION,6079,생일_아이
EDUCATION,6082,만 0~3세
EDUCATION,6083,만 4~6세
EDUCATION,6084,"초등 1,2학년"
EDUCATION,6085,"초등 3,4학년"
EDUCATION,6086,"초등 5,6학년"
EDUCATION,6087,초등 전학년
EDUCATION,6088,당당한 여자아이
EDUCATION,6089,랄랄라 즐거운 학교
EDUCATION,6090,나도 동생 있어요!
EDUCATION,6091,"A,B,C를 시작해요!"
EDUCATION,6092,한글을 배워요!
EDUCATION,6093,두고두고 읽을 책
EDUCATION,6276,어린이에게
EDUCATION,6298,어린이가 좋아하는 음반
ENGLISH,4410,청소년 영어
ENGLISH,8282,영어영문학
ENGLISH,8311,영어학
ENGLISH,8317,영미작가론
ENGLISH,8432,영어교육 전공
ENGLISH,8546,기초영어
ENGLISH,8726,영어사전
ENGLISH,8730,영한/한영/합본
ENGLISH,8731,기타
ENGLISH,8981,영어로 쓰인 한국서적
ENGLISH,8983,어린이
ENGLISH,8985,여행안내
ENGLISH,8987,한국사회
ENGLISH,8988,기타
ENGLISH,12437,기탄영어
ENGLISH,15556,영영사전
ENGLISH,28359,영어
ENGLISH,28467,영어/학습
ENGLISH,29037,영어/학습
ENGLISH,29044,영어/학습
ENGLISH,29051,영어/학습
ENGLISH,29057,영어/학습
ENGLISH,34584,영어
ENGLISH,34625,7/9급 기본서
ENGLISH,34626,단어/문법/독해 외
ENGLISH,34628,기출/문제/모의고사
ENGLISH,34919,영어영문학과
ENGLISH,35124,유아영어
ENGLISH,35148,영어학습
ENGLISH,35149,영어동요/동화
ENGLISH_LITERATURE,13972,앤디 라일리
ENGLISH_LITERATURE,56548,라이트 노벨
ENGLISH_LITERATURE,164318,국내
ENGLISH_LITERATURE,164320,국외
ENGLISH_LITERATURE,164325,TL
ENGLISH_LITERATURE,164326,성인
FRENCH,49906,프랑스어
FRENCH,56480,프랑스어
FRENCH,104911,프랑스어
FRENCH,105093,프랑스어
FRENCH,106246,프랑스어
GENERAL_PERIODICALS,25557,해외잡지
GENERAL_PERIODICALS,25666,엔터테인먼트
GENERAL_PERIODICALS,74363,초등월간지
GEOGRAPHY,5027,아프리카/오세아니아사
GEOGRAPHY,38719,아프리카/오세아니아사
GEOGRAPHY,50839,아프리카여행
GEOGRAPHY,50868,아프리카여행 가이드북
GEOGRAPHY,50869,아프리카여행 에세이
GEOGRAPHY,51044,아프리카소설
GEOGRAPHY,52604,선사~근대사
GEOGRAPHY,52605,현대사
GEOGRAPHY,56529,중동/아프리카여행
GEOGRAPHY,57589,가이드북
GEOGRAPHY,57590,여행에세이
GEOGRAPHY,57657,아프리카소설
GEOGRAPHY,58340,선사~근대사
GEOGRAPHY,58341,현대사
GEOGRAPHY,63257,아프리카
GEOGRAPHY,97547,아프리카
GEOGRAPHY,97579,아프리카
GEOGRAPHY,103649,아프리카
GEOGRAPHY,103679,아프리카
GEOGRAPHY,103761,아프리카
GEOGRAPHY,103783,아프리카
GEOGRAPHY,103834,남아프리카
GEOGRAPHY,103835,남아프리카 공화국
GEOGRAPHY,103836,동아프리카
GEOGRAPHY,103837,모로코
GEOGRAPHY,103838,북아프리카
GEOGRAPHY,103839,서아프리카
GEOGRAPHY,103840,일반
GEOGRAPHY,103841,중앙아프리카
GEOGRAPHY,103842,케냐
GEOLOGY,8340,사회복지학
GEOLOGY,40922,사회복지학
GEOLOGY,41060,지학사
GEOLOGY,41069,지학사
GEOLOGY,41381,지학사
GEOLOGY,44885,클루 중학시리즈
GEOLOGY,44890,하이라이트 핵심
GEOLOGY,44909,수
GEOLOGY,44939,참 플러스
GEOLOGY,45047,하이라이트 평가문제집
GEOLOGY,45056,파이널 체크
GEOLOGY,45125,선
GEOLOGY,45315,공부왕
GEOLOGY,45385,자율학습(고등학교 자습서)
GEOLOGY,45414,사회복지학과
GEOLOGY,45447,비콘
GEOLOGY,45462,내신 &
GEOLOGY,45556,하이라이트 중간고사
GEOLOGY,45557,특강
GEOLOGY,45558,하이라이트 Listening Speaking Reading
GEOLOGY,45559,지학사 중학 자습서
GEOLOGY,45561,수신 &
GEOLOGY,45562,레시피
GEOLOGY,45664,하이라이트 기말고사
GEOLOGY,45680,우수문항 평가
GEOLOGY,45692,하이라이트 특강
GEOLOGY,45757,고난도
GEOLOGY,45790,내 책상위의
GEOLOGY,45855,수제비
GEOLOGY,46221,사회복지학과
GERMAN,49905,독일어
GERMAN,56479,독일어
GERMAN,105088,독일어
GERMAN,152710,독일어사전
GERMAN,152879,독일어(제2외국어)
GERMAN_LITERATURE,50922,독일소설
GERMAN_LITERATURE,56543,독일소설
HISTORY,74,역사
HISTORY,75,역사학
HISTORY,76,역사비평
HISTORY,78,고고학
HISTORY,81,테마로 보는 역사
HISTORY,84,전쟁사
HISTORY,87,혁명사
HISTORY,88,건국사/멸망사
HISTORY,89,문명/문화사
HISTORY,90,미시사/생활사
HISTORY,94,서양고대사
HISTORY,109,한국고대~고려시대
HISTORY,111,한국고대사 일반
HISTORY,112,발해
HISTORY,113,고려시대
HISTORY,117,조선중기(임진왜란~경종)
HISTORY,118,조선후기(영조~순종)
HISTORY,130,조선생활풍속사
HISTORY,134,한국인물사
HISTORY,141,일제치하/항일시대
HISTORY,147,북한사
HISTORY,148,아시아사
HISTORY,151,인도사
HISTORY,158,서남아시아사
HISTORY,159,유럽사
HISTORY,160,미국/캐나다사
HISTORY,161,중남미사
HISTORY,163,영국사
HISTORY,165,독일/오스트리아사
HISTORY,167,프랑스사
INFORMATION_SCIENCE,97493,문헌정보학
INFORMATION_SCIENCE,103797,분류
INFORMATION_SCIENCE,103798,아카이브/특수 도서관
INFORMATION_SCIENCE,103799,일반
INFORMATION_SCIENCE,103800,장서개발
INFORMATION_SCIENCE,103801,학교 미디어
INFORMATION_SCIENCE,103802,행정/관리
ITALIAN,49931,이탈리아어
ITALIAN,57463,이탈리아어
ITALIAN,105090,이탈리아어
ITALIAN,133357,이탈리아어
JAPANESE,8727,일본어사전
JAPANESE,8732,일한/한일/합본
JAPANESE,8733,기타
JAPANESE,28352,일본어학습
JAPANESE,41025,일본어사전
JAPANESE,44869,일한/한일/합본
JAPANESE,44870,기타
JAPANESE,46436,일본어학부
JAPANESE,49884,일본어
JAPANESE,49885,일본어 첫걸음
JAPANESE,49886,일본어 어휘/한자/문법
JAPANESE,49887,일본어 독해/작문/쓰기
JAPANESE,49889,일본어 사전
JAPANESE,49890,일본어 회화
JAPANESE,49891,JLPT
JAPANESE,49892,일본어 시험대비
JAPANESE,49893,N1
JAPANESE,49894,N2
JAPANESE,49895,N3
JAPANESE,49896,N4
JAPANESE,49897,N5
JAPANESE,49898,JPT
JAPANESE,49899,JLT 니켄
JAPANESE,49900,EJU
JAPANESE,49902,기타
JAPANESE,56476,일본어
JAPANESE,57442,일본어 첫걸음
JAPANESE,57443,일본어 어휘/한자/문법
JAPANESE,57444,일본어 독해/작문/쓰기
JAPANESE,57446,일본어 사전
JAPANESE_LITERATURE,3736,시미즈 레이코
JAPANESE_LITERATURE,3737,CLAMP(클램프)
JAPANESE_LITERATURE,3745,우라사와 나오키
JAPANESE_LITERATURE,3862,이토 준지
JAPANESE_LITERATURE,3864,하라 히데노리
JAPANESE_LITERATURE,3865,아다치 미츠루
JAPANESE_LITERATURE,3939,미야자키 하야오
JAPANESE_LITERATURE,3997,이마 이치코
JAPANESE_LITERATURE,5592,데즈카 오사무
JAPANESE_LITERATURE,5788,야자와 아이
JAPANESE_LITERATURE,5962,다카하시 루미코
JAPANESE_LITERATURE,7736,사사키 노리코
JAPANESE_LITERATURE,9087,야마시타 카즈미
JAPANESE_LITERATURE,11955,이노우에 다케히코
JAPANESE_LITERATURE,12088,마츠모토 토모
JAPANESE_LITERATURE,14109,아카마츠 켄
JAPANESE_LITERATURE,14110,우스타 쿄스케
JAPANESE_LITERATURE,15763,카미조 아츠시
JAPANESE_LITERATURE,15769,우미노 치카
JAPANESE_LITERATURE,15770,아즈마 키요히코
JAPANESE_LITERATURE,15772,다니구치 지로
JAPANESE_LITERATURE,28470,니노미야 토모코
JAPANESE_LITERATURE,32059,모호로시 다이지로
KOREAN,28360,한국어
KOREAN,34895,한국어능력검정시험
KOREAN,35943,한국어교육능력검정시험
KOREAN,43415,한국사능력검정시험
KOREAN,43416,한국어능력검정시험
KOREAN,43638,상공회의소 한자시험
KOREAN,43640,한자자격시험
KOREAN,43731,한국어교육능력검정시험
KOREAN,46257,한국어학부
KOREAN,49908,외국인을 위한 한국어
KOREAN,49934,한국어 일반
KOREAN,49935,한국어 회화
KOREAN,49936,한국어 사전
KOREAN,51543,한국어/한문
KOREAN,56401,한국어/한자/한국사
KOREAN,56482,외국인을 위한 한국어
KOREAN,57141,한자능력검정시험
KOREAN,57466,한국어 일반
KOREAN,57467,한국어 회화
KOREAN,57468,한국어 사전
KOREAN,57997,한국어/한문
KOREAN,74500,고급(1.2급)
KOREAN,74501,중급(3.4급)
KOREAN,74502,초급(5.6급)
KOREAN,85552,한중일한자시험(TOCK)
KOREAN,97952,한국어
KOREAN,107493,한국어
KOREAN,153124,한국어
KOREAN,179260,한국어교육능력검정시험
KOREAN,179278,KBS한국어능력시험
KOREAN_LITERATURE,3735,강경옥
KOREAN_LITERATURE,3857,유시진
KOREAN_LITERATURE,3858,천계영
KOREAN_LITERATURE,3859,박희정
KOREAN_LITERATURE,3914,이빈
KOREAN_LITERATURE,7313,김혜린
KOREAN_LITERATURE,9286,권교정
KOREAN_LITERATURE,9806,허영만
KOREAN_LITERATURE,9915,장차현실
KOREAN_LITERATURE,9931,박소희
KOREAN_LITERATURE,12005,고우영
KOREAN_LITERATURE,13400,강풀
KOREAN_LITERATURE,14102,최규석
KOREAN_LITERATURE,15771,양영순
KOREAN_LITERATURE,32057,조석
KOREAN_LITERATURE,51125,한국 로맨스소설
LANGUAGE,1322,외국어
LANGUAGE,2502,자바
LANGUAGE,2704,Perl/CGI
LANGUAGE,3390,언어/외국어 교육
LANGUAGE,4158,국어사전
LANGUAGE,4527,고사성어/속담
LANGUAGE,6350,ASP
LANGUAGE,6351,PHP
LANGUAGE,6352,Visual C++
LANGUAGE,6353,Visual Basic
LANGUAGE,6356,.NET
LANGUAGE,6358,Visual C++.NET
LANGUAGE,6360,C#
LANGUAGE,6361,ASP.NET
LANGUAGE,6362,Visual Basic.NET
LANGUAGE,6365,.NET 일반
LANGUAGE,6385,C
LANGUAGE,6386,C++
LANGUAGE,6437,XML
LANGUAGE,6734,파이썬
LANGUAGE,6989,델파이
LANGUAGE,7397,JSP
LANGUAGE,8521,언어학
LANGUAGE,8723,어학사전
LANGUAGE,8729,기타
LANGUAGE,14605,Ajax
LANGUAGE,15778,Ruby/Rails
LANGUAGE,28253,기타 언어권 도서
LANGUAGE,28255,독일 도서
LANGUAGE,28256,프랑스 도서
LAW,5672,각국법
LAW,8264,법학계열
LAW,8350,민법
LAW,8351,헌법
LAW,8352,상법/특허법
LAW,8353,국제법
LAW,8365,세법
LAW,8366,행정법
LAW,8370,소송법
LAW,8372,법학일반
LAW,8376,저작권법
LAW,8381,기타 법률/법규
LAW,8581,형법
LAW,13659,법전
LAW,30181,법학계열
LAW,34589,법학
LAW,34617,헌법
LAW,34618,세법
LAW,34619,관세법
LAW,34620,국제법
LAW,34621,민법
LAW,34622,민사소송법
LAW,34623,형법
LAW,34624,형사소송법
LAW,34634,조문/판례/법령/기타
LAW,34723,LEET:법학적성시험
LAW,34901,추리논증
LAW,34902,논술
LAW,34903,기출/모의고사
LAW,34904,로스쿨 기타
LITERATURE,1,소설/시/희곡
LITERATURE,222,서양현대고전
LITERATURE,656,인문학
LITERATURE,2094,고전에서배운다
LITERATURE,2095,다시쓴고전
LITERATURE,2105,고전
LITERATURE,2121,우리나라 옛글
LITERATURE,2123,동양고전문학
LITERATURE,2124,동양고전사상
LITERATURE,2125,서양고전문학
LITERATURE,2126,서양고전사상
LITERATURE,2138,서양중세문학
LITERATURE,2149,서양고대문학
LITERATURE,2310,군사고전
LITERATURE,2314,서양근대문학
LITERATURE,2344,과학고전
LITERATURE,2551,만화
LITERATURE,2552,코믹/명랑만화
LITERATURE,2553,SF/가상사회
LITERATURE,2554,학원물
LITERATURE,2556,추리/미스터리
LITERATURE,2558,무협
LITERATURE,2559,만화비평/만화이론
LITERATURE,2562,성인/성애만화
LITERATURE,2564,만화작법/일러스트
LITERATURE,2924,만화/애니메이션
LITERATURE,3313,프로의 세계
LITERATURE,3723,호러/스릴러
LITERATURE,3724,액션
LITERATURE,3726,만화그리기와 읽기
MANUFACTURING,103315,제조업
MANUFACTURING,103526,기술제조업
MANUFACTURING,180686,단조.주조
MANUFACTURING,180688,도장.도금
MANUFACTURING,180697,식품
MANUFACTURING,180705,의복
MANUFACTURING,180909,주조기능사
MANUFACTURING,180910,주조기능장
MANUFACTURING,180933,식품/산업기사
MANUFACTURING,180934,식품 기타
MANUFACTURING,180960,세탁기능사
MANUFACTURING,180961,양장기능사
MANUFACTURING,180962,패션디자인산업기사
MANUFACTURING,180963,기타 의복
MATHEMATICS,1143,청소년 수학/과학
MATHEMATICS,2735,전산수학(SPSS/MATLAB)
MATHEMATICS,7872,기탄사고력수학
MATHEMATICS,8010,해법수학경시
MATHEMATICS,8324,수학
MATHEMATICS,8431,수학교육 전공
MATHEMATICS,8486,전산수학
MATHEMATICS,10724,기탄큰수학
MATHEMATICS,11780,중1
MATHEMATICS,11781,중2
MATHEMATICS,11782,중3
MATHEMATICS,11783,고1
MATHEMATICS,11951,기탄수학
MATHEMATICS,15989,쎈수학(초등)
MATHEMATICS,16972,해법수학
MATHEMATICS,28324,수학
MATHEMATICS,28465,자연/과학/수학
MATHEMATICS,28852,최고수준수학
MATHEMATICS,29039,자연/과학/수학
MATHEMATICS,29046,자연/과학/수학
MATHEMATICS,29053,자연/과학/수학
MATHEMATICS,29059,자연/과학/수학
MATHEMATICS,29079,영리한수학
MATHEMATICS,31560,최상위수학(초등)
MATHEMATICS,35123,유아 수학
MATHEMATICS,38488,청소년 수학/과학
MATHEMATICS,39127,자연/과학/수학
MATHEMATICS,40148,전산수학(SPSS/MATLAB)
MATHEMATICS,40915,수학
MATHEMATICS,41100,개념원리수학연구소
MECHANICAL_ENGINEERING,336,자기계발
MECHANICAL_ENGINEERING,8468,기계공학
MECHANICAL_ENGINEERING,8489,기초역학/열역학/역학일반
MECHANICAL_ENGINEERING,8490,기계설계/공작
MECHANICAL_ENGINEERING,8491,자동차공학
MECHANICAL_ENGINEERING,8492,메카트로닉스
MECHANICAL_ENGINEERING,8493,자동화
MECHANICAL_ENGINEERING,8494,기계공학 일반
MECHANICAL_ENGINEERING,8570,응용기계
MECHANICAL_ENGINEERING,28299,자기계발/처세
MECHANICAL_ENGINEERING,32399,청소년 자기계발
MECHANICAL_ENGINEERING,34925,기계직
MECHANICAL_ENGINEERING,38400,자기계발
MECHANICAL_ENGINEERING,39253,청소년 자기계발
MECHANICAL_ENGINEERING,40972,기계공학
MECHANICAL_ENGINEERING,41633,처세/자기계발
MECHANICAL_ENGINEERING,43389,기계분야
MECHANICAL_ENGINEERING,44826,기초역학
MECHANICAL_ENGINEERING,44827,기계설계/공작
MECHANICAL_ENGINEERING,44828,자동차공학
MECHANICAL_ENGINEERING,44829,메카트로닉스
MECHANICAL_ENGINEERING,44830,자동화
MECHANICAL_ENGINEERING,44831,기계공학 일반
MECHANICAL_ENGINEERING,44860,응용기계
MECHANICAL_ENGINEERING,47292,공조냉동기계
MECHANICAL_ENGINEERING,47294,금형
MECHANICAL_ENGINEERING,47295,기계설계
MECHANICAL_ENGINEERING,47296,기계제작
MECHANICAL_ENGINEERING,47299,일반기계
MECHANICAL_ENGINEERING,47336,기계직
MEDICINE,7607,건강/의학
MEDICINE,8268,의약학간호계열
MEDICINE,8392,수의학
MEDICINE,28325,의학/약학
MEDICINE,29902,꿈의학교
MEDICINE,38805,건강/의학
MEDICINE,39405,보건/위생/의학
MEDICINE,40940,수의학
MEDICINE,42059,수의학
MEDICINE,42354,꿈의학교
MEDICINE,42446,하나의학사
MEDICINE,43375,간호사
MEDICINE,43376,영양사
MEDICINE,43377,위생사
MEDICINE,43378,응급구조사
MEDICINE,43379,의료기사/물리치료사
MEDICINE,43380,의사
MEDICINE,43381,Meet&Deet
MEDICINE,43449,노인/요양
MEDICINE,43450,보건직/의료관계법규
MEDICINE,43452,기타
MEDICINE,43988,PEET
MEDICINE,51272,의학
MEDICINE,51275,법의학
MEDICINE,53517,정신건강
MEDICINE,53518,질병치료와 예방
MEDICINE,53519,한의학
MEDICINE,53520,대체의학
MEDICINE,53540,간
MEDICINE,53541,고혈압
METAPHYSICS,51448,형이상학/존재론
METAPHYSICS,57955,형이상학/존재론
METAPHYSICS,104382,형이상학
METAPHYSICS,153692,형이상학
MINERALOGY,105638,광물학
MUSIC,5918,국악
MUSIC,5948,기타
MUSIC,5950,국악-소리
MUSIC,5953,기타
MUSIC,8187,국악-연주
MUSIC,8188,국악-크로스오버
MUSIC,25992,기타
MUSIC,28350,실용/취미/생활 기타
MUSIC,28401,기타 문고/신서
MUSIC,38419,사전/기타
MUSIC,38767,오디오북
MUSIC,38841,전문사전
MUSIC,38842,연감
MUSIC,39186,베스트 사전 추천전
MUSIC,39545,펜글씨 교본
MUSIC,41029,경제전문사전
MUSIC,41030,인문사회전문사전
MUSIC,41033,실용전문사전
MUSIC,42481,미취학 아동 사전 베스트셀러
MUSIC,42482,초등학생용 사전 베스트셀러
MUSIC,42483,한영/영한 사전 베스트셀러
MUSIC,42484,영영 사전 베스트셀러
MUSIC,42485,휴대용 사전 베스트셀러
MUSIC,42486,옥편 베스트셀러
MUSIC,42495,국어 사전 베스트셀러
MUSIC,43740,한글
MUSIC,43741,한문
MUSIC,43742,기타
MUSIC,50007,트럼펫/기타/드럼/베이스
MUSIC,58174,기타
NATURAL_SCIENCE,987,과학
NATURAL_SCIENCE,8260,자연과학계열
NATURAL_SCIENCE,8345,생물학
NATURAL_SCIENCE,8369,지구과학
NATURAL_SCIENCE,8739,과학기술전문사전
NATURAL_SCIENCE,11282,과학/기술
NATURAL_SCIENCE,11772,중1
NATURAL_SCIENCE,11773,중2
NATURAL_SCIENCE,11774,중3
NATURAL_SCIENCE,11775,고1
NATURAL_SCIENCE,13663,과학일반
NATURAL_SCIENCE,16210,과학.환경.생태
NATURAL_SCIENCE,16216,중1부터
NATURAL_SCIENCE,16217,중2부터
NATURAL_SCIENCE,16218,중3부터
NATURAL_SCIENCE,16219,고1부터
NATURAL_SCIENCE,16220,고2부터
NATURAL_SCIENCE,16245,과학.환경.생태
NATURAL_SCIENCE,16252,과학.환경.생태
NATURAL_SCIENCE,16259,과학.환경.생태
NATURAL_SCIENCE,16264,과학.환경.생태
NATURAL_SCIENCE,16269,과학.환경.생태
NATURAL_SCIENCE,28319,과학일반
NATURAL_SCIENCE,30189,자연과학계열
NATURAL_SCIENCE,31916,과학/테크놀로지
NATURAL_SCIENCE,34906,생물(자연과학추론1)
NATURAL_SCIENCE,34908,"자연과학추론2 (화학,물리,통계)"
NATURAL_SCIENCE,35120,유아 자연관찰/과학
NATURAL_SCIENCE,35141,자연관찰/과학일반
NATURAL_SCIENCE,35142,동물
OTHER_LITERATURES,52650,러시아소설
PHILOSOPHY,1139,청소년 철학
PHILOSOPHY,2547,미학/예술철학
PHILOSOPHY,8415,교육사/교육철학
PHILOSOPHY,8516,철학
PHILOSOPHY,28284,철학/사상/윤리
PHILOSOPHY,35109,생각/철학 그림책
PHILOSOPHY,38484,청소년 철학
PHILOSOPHY,40958,교육사/교육철학
PHILOSOPHY,40979,철학
PHILOSOPHY,41787,심리/철학
PHILOSOPHY,43509,철학그림책
PHILOSOPHY,46146,서양철학
PHILOSOPHY,48813,사회/역사/철학
PHILOSOPHY,48905,세계사
PHILOSOPHY,48907,인권/평등
PHILOSOPHY,48908,전쟁/평화 이야기
PHILOSOPHY,48909,정치/경제/법
PHILOSOPHY,48912,철학
PHILOSOPHY,48913,통일을 생각해요
PHILOSOPHY,51387,철학 일반
PHILOSOPHY,51390,서양철학
PHILOSOPHY,51393,동양철학
PHILOSOPHY,51440,교양 철학
PHILOSOPHY,51441,철학사
PHILOSOPHY,51442,고대철학
PHILOSOPHY,51443,중세철학
PHILOSOPHY,51444,근대철학
PHILOSOPHY,51445,현대철학
PHILOSOPHY,51446,서양철학사
PHILOSOPHY,51447,인식론
PHOTOGRAPHY,53575,사진/비디오 촬영
PHYSICS,8344,물리학
PHYSICS,28322,물리학
PHYSICS,40925,물리학
PHYSICS,51024,물리학
PHYSICS,51291,쉽게 배우는 물리학
PHYSICS,51292,현대물리학
PHYSICS,51293,고전물리학
PHYSICS,51294,상대성이론
PHYSICS,51296,양자역학
PHYSICS,51298,응용물리
PHYSICS,51301,물리학 일반
PHYSICS,56600,물리학
PHYSICS,57874,쉽게 배우는 물리학
PHYSICS,57875,현대물리학
PHYSICS,57876,고전물리학
PHYSICS,57877,상대성이론
PHYSICS,57878,양자역학
PHYSICS,57879,응용물리
PHYSICS,57881,물리학 일반
PHYSICS,104415,물리학
PHYSICS,104659,물리학
PHYSICS,105595,결정학
PHYSICS,105596,고분자
PHYSICS,105597,광학
PHYSICS,105598,상대성 이론
PHYSICS,105600,양자론
PHYSICS,105601,원자력
PHYSICS,105602,원자와 분자
PHYSICS,105603,응집물질
PHYSICS,105604,일반
POLITICAL_SCIENCE,13653,국제정치학
POLITICAL_SCIENCE,13655,한국정치학
POLITICAL_SCIENCE,13656,정치학일반
POLITICAL_SCIENCE,45470,국제정치학
POLITICAL_SCIENCE,45472,한국정치학
POLITICAL_SCIENCE,45473,정치학일반
POLITICAL_SCIENCE,51004,사회사상/사회사상사
POLITICAL_SCIENCE,51016,정치학/외교학/행정학
POLITICAL_SCIENCE,51141,마르크스주의
POLITICAL_SCIENCE,51144,자유주의/신자유주의
POLITICAL_SCIENCE,51145,민주주의
POLITICAL_SCIENCE,51147,사회민주주의
POLITICAL_SCIENCE,51149,사회주의/공산주의
POLITICAL_SCIENCE,51150,민족주의
POLITICAL_SCIENCE,51152,전체주의/국가주의
POLITICAL_SCIENCE,51154,사회사상/사회사상사 일반
POLITICAL_SCIENCE,51159,고전 마르크스주의
POLITICAL_SCIENCE,51161,현대 마르크스주의
POLITICAL_SCIENCE,51162,마르크스주의 일반
POLITICAL_SCIENCE,51165,세계패권과 국제질서
POLITICAL_SCIENCE,51166,외교정책/외교학
POLITICAL_SCIENCE,51217,정책/행정/조직
POLITICAL_SCIENCE,51220,정치인
POLITICAL_SCIENCE,51224,선거전략/대통령 만들기
POLITICAL_SCIENCE,51226,지방자치
POLITICAL_SCIENCE,51228,정치사상사
POLITICAL_SCIENCE,51231,각국정치사정/정치사
POLITICAL_SCIENCE,51233,정치학 일반
POLITICAL_SCIENCE,51238,미국
POLITICAL_SCIENCE,51240,일본
PSYCHOLOGY,8512,환경학
PSYCHOLOGY,8569,조경학
PSYCHOLOGY,8596,환경학
PSYCHOLOGY,41000,환경학
PSYCHOLOGY,44849,환경학
PSYCHOLOGY,44859,조경학
PSYCHOLOGY,51101,환경학 일반
PSYCHOLOGY,57708,환경학 일반
PSYCHOLOGY,78520,신경학과/정신과
PSYCHOLOGY,97692,신경학
PSYCHOLOGY,104673,환경학/생태계
PSYCHOLOGY,164305,보건환경학과
PSYCHOLOGY,164351,보건환경학과
PSYCHOLOGY,165823,1학년
PSYCHOLOGY,165824,2학년
PSYCHOLOGY,165825,3학년
PSYCHOLOGY,165826,4학년
PSYCHOLOGY,165984,1학년
PSYCHOLOGY,165985,2학년
PSYCHOLOGY,165986,3학년
PSYCHOLOGY,165987,4학년
PUBLIC_ADMINISTRATION,13658,행정학
PUBLIC_ADMINISTRATION,34587,행정학
PUBLIC_ADMINISTRATION,34635,7/9급 교재
PUBLIC_ADMINISTRATION,34636,기출/문제집/모의고사
PUBLIC_ADMINISTRATION,34637,강의노트/기타
PUBLIC_ADMINISTRATION,41462,행정학
PUBLIC_ADMINISTRATION,43324,행정학
PUBLIC_ADMINISTRATION,45416,행정학과
PUBLIC_ADMINISTRATION,46219,법률행정학과
PUBLIC_ADMINISTRATION,46233,경찰행정학과
PUBLIC_ADMINISTRATION,46237,복지행정학과
PUBLIC_ADMINISTRATION,46265,법무행정학부
PUBLIC_ADMINISTRATION,46266,법무행정학부
PUBLIC_ADMINISTRATION,46278,법무행정학과
PUBLIC_ADMINISTRATION,46343,정보행정학과
PUBLIC_ADMINISTRATION,46407,행정학과
PUBLIC_ADMINISTRATION,47236,7/9급 교재
PUBLIC_ADMINISTRATION,47237,기출/문제집/모의고사
PUBLIC_ADMINISTRATION,47238,강의노트/기타
PUBLIC_ADMINISTRATION,164292,행정학과
PUBLIC_ADMINISTRATION,164338,행정학과
PUBLIC_ADMINISTRATION,165797,1학년
PUBLIC_ADMINISTRATION,165798,2학년
PUBLIC_ADMINISTRATION,165799,3학년
PUBLIC_ADMINISTRATION,165800,4학년
PUBLIC_ADMINISTRATION,165960,1학년
PUBLIC_ADMINISTRATION,165961,2학년
PUBLIC_ADMINISTRATION,165962,3학년
PUBLIC_ADMINISTRATION,165963,4학년
RELIGION,1237,종교/역학
RELIGION,3125,종교
RELIGION,5919,종교/명상/기타
RELIGION,5958,동요
RELIGION,5959,캐롤
RELIGION,5960,기타
RELIGION,6656,종교 오디오북
RELIGION,8740,종교전문사전
RELIGION,15019,합창/종교음악
RELIGION,15517,종교/합창곡
RELIGION,17436,종교학
RELIGION,28283,종교
RELIGION,38410,종교/역학
RELIGION,38579,종교인
RELIGION,38597,종교
RELIGION,39720,종교사
RELIGION,40774,종교 오디오북
RELIGION,40900,고등학생
RELIGION,40901,중학생
RELIGION,41032,종교전문사전
RELIGION,41761,종교학
RELIGION,41786,종교
RELIGION,48910,신화/종교
RELIGION,50985,종교미술
RELIGION,51389,종교에세이
RELIGION,51399,신화/종교학
RELIGION,51431,가톨릭
RELIGION,51523,그리스로마 신화
RELIGION,51524,중국의 신화와 전설
RELIGION,51525,한국신화/전설/민담
SCULPTURE,50991,조각
SCULPTURE,57636,조각
SCULPTURE,78509,조각
SCULPTURE,103383,조각
SCULPTURE,103384,조각보
SCULPTURE,103987,조각
SCULPTURE,103988,조각/설치
SCULPTURE,152962,조각
SCULPTURE,153612,조각일반
SCULPTURE,153613,전각/각인
SCULPTURE,153614,조각작품
SCULPTURE,153615,판화
SCULPTURE,153616,도자기
SCULPTURE,153617,소상
SHINTO,104590,신도
SOCIAL_SCIENCE,798,사회과학
SOCIAL_SCIENCE,8259,사회과학계열
SOCIAL_SCIENCE,8333,사회학
SOCIAL_SCIENCE,8334,언론정보학
SOCIAL_SCIENCE,8342,여성학
SOCIAL_SCIENCE,13652,정치외교학
SOCIAL_SCIENCE,13654,정치사상
SOCIAL_SCIENCE,27936,군사학
SOCIAL_SCIENCE,28120,비서학
SOCIAL_SCIENCE,30183,사회과학계열
SOCIAL_SCIENCE,38404,사회과학
SOCIAL_SCIENCE,38823,사회과학계열
SOCIAL_SCIENCE,40918,사회학
SOCIAL_SCIENCE,40919,언론정보학
SOCIAL_SCIENCE,40923,여성학
SOCIAL_SCIENCE,41461,정치외교학
SOCIAL_SCIENCE,42050,군사학
SOCIAL_SCIENCE,42076,비서학
SOCIAL_SCIENCE,44528,사회과학(논저)
SOCIAL_SCIENCE,44529,사회과학(번역)
SOCIAL_SCIENCE,44534,사회과학(논저)
SOCIAL_SCIENCE,44535,사회과학(번역)
SOCIAL_SCIENCE,45471,정치사상
SOCIAL_SCIENCE,50992,비평/칼럼
SOCIAL_SCIENCE,50997,환경/생태문제
SOCIAL_SCIENCE,51008,미래학
SOCIAL_SCIENCE,51021,한국정치사정/정치사
SOCIAL_SCIENCE,51037,여성학/젠더
SOCIAL_SCIENCE,51041,언론/미디어
SOCIAL_SCIENCE,51048,통일/북한관계
SPANISH,49929,스페인어
SPANISH,57461,스페인어
SPANISH,104908,스페인어
SPANISH,105089,스페인어
SPANISH,106241,스페인어
TECHNOLOGY,180702,용접
TECHNOLOGY,180952,용접/산업기사
TECHNOLOGY,180953,용접기능장
TECHNOLOGY,180954,특수/용접기능사
TECHNOLOGY,180955,용접기술사
ZOOLOGY,104657,동물학
ZOOLOGY,105611,동물학
ZOOLOGY,152819,동물학
